Company,Job Post Title,Job Post URL,Resume Version,Contact Role,Referral,Initial Outreach Date,Initial App Date,Last Action Date,Inbound Opportunity,EM Email Outreach Attempted?,EM Replied?,Status,Salary,TC,Notes
Zeta,Principal Engineer,https://builtin.com/job/principal-engineer/2535477,v1,SKIPPED,NO,May 9,May 9,May 9,FALSE,FALSE,FALSE,TIMED OUT,,,
Gusto,Software Engineer (Senior/Staff),https://boards.greenhouse.io/gusto/jobs/5034679,v1,IC,YES,May 9,May 9,May 13,FALSE,FALSE,FALSE,"REJECTED, PRE-R1",,,"Rejected due to location. Contact was willing to refer, but overridden"
impacter.ai,CTO,https://wellfound.com/jobs/3000310-co-founder-cto,v1,Investor + Board Member,NO,May 9,May 9,May 21,FALSE,FALSE,FALSE,TIMED OUT,,,
Capital One,Lead Software Engineer,https://hired.com/ivrs/1847499,v1,RECRUITER,NO,May 9,May 9,June 4,FALSE,FALSE,FALSE,OFFERED,175000,215000,offer is a down level (senior) with 30k sign on and no equity
Figma,Frontend Software Engineer,https://app.otta.com/dashboard/jobs/yAZ4QGyW,v1,RECRUITER,NO,May 9,May 9,May 17,FALSE,FALSE,FALSE,TIMED OUT,,,
Figma,Software Engineer - Internal Tools,https://app.otta.com/jobs/C_f8rY7X/application,v1,RECRUITER,NO,May 17,May 17,May 17,FALSE,FALSE,FALSE,TIMED OUT,,,
Scion,Senior Full Stack Software Engineer,https://scionstaffing.com/job/11550/,v1,RECRUITER,NO,May 9,May 9,May 9,TRUE,FALSE,FALSE,"REJECTED, PRE-R1",,,
Juniper Square,Staff Engineer,https://wellfound.com/jobs/2990467-staff-sofware-engineer,v1,SKIPPED,NO,May 9,May 9,May 9,FALSE,FALSE,FALSE,TIMED OUT,,,
QA Wolf,Staff Product Engineer,https://wellfound.com/jobs/2108954-staff-product-engineer-react-expert-full-stack,v1,SKIPPED,NO,May 9,May 9,May 14,FALSE,FALSE,FALSE,"REJECTED, PRE-R1",,,
Enigma Technologies,Senior Full Stack Engineer,https://wellfound.com/jobs/2999977-senior-full-stack-engineer,v1,IC,NO,May 9,May 9,May 9,FALSE,FALSE,FALSE,TIMED OUT,,,
EarnUp,SKIPPED,https://wellfound.com/jobs/2989048-principal-software-engineer,v1,SKIPPED,NO,May 9,May 9,May 9,FALSE,FALSE,FALSE,TIMED OUT,,,
thirdweb,SKIPPED,https://wellfound.com/jobs/2354209-software-engineer-sdk-platform,v1,SKIPPED,NO,May 9,May 9,May 9,FALSE,FALSE,FALSE,TIMED OUT,,,
Hubspot,Frontend Eng Lead,https://boards.greenhouse.io/embed/job_app?token=5777926&ref=levels.fyi&src=levels.fyi&utm_source=levels.fyi,v1,SKIPPED,NO,May 12,May 12,May 12,FALSE,FALSE,FALSE,"REJECTED, PRE-R1",,,
Atlassian,Senior Software Engineer,https://www.atlassian.com/company/careers/details/13151,v1,SKIPPED,NO,May 12,May 12,May 25,FALSE,FALSE,FALSE,"REJECTED, PRE-R1",,,
Reddit,"Staff Backend Engineer, Core Platform Community",SKIPPED,v1,SKIPPED,NO,May 17,May 17,May 17,FALSE,FALSE,FALSE,"REJECTED, PRE-R1",,,
Reddit,Staff Frontend Software Engineer - Experimentation Platform,https://boards.greenhouse.io/reddit/jobs/5385438,v1,SKIPPED,NO,May 9,May 9,May 9,FALSE,FALSE,FALSE,"REJECTED, PRE-R1",,,
Mercury,Senior Full-Stack Engineer,https://app.otta.com/dashboard/jobs/SfixoFf9,v1,SKIPPED,NO,May 9,May 9,May 9,FALSE,FALSE,FALSE,TIMED OUT,,,
Honeycomb,SKIPPED,https://jobs.lever.co/honeycomb/682ba34d-9028-4b81-864d-a24923daf58e?lever-source=Otta,v1,SKIPPED,NO,May 9,May 9,May 9,FALSE,FALSE,FALSE,"REJECTED, PRE-R1",,,
Faire,Staff Frontend Developer,https://app.otta.com/jobs/bsrtRG8M,v1,SKIPPED,NO,May 9,May 9,May 9,FALSE,FALSE,FALSE,"REJECTED, PRE-R1",,,
HighTouch,"Software Engineer, Customer Studio Backend",https://boards.greenhouse.io/hightouch/jobs/4782625004?utm_source=Otta,v1,SKIPPED,NO,May 9,May 9,May 29,FALSE,FALSE,FALSE,"REJECTED, PRE-R1",,,
Coinbase,SKIPPED,https://www.coinbase.com/careers/positions/5948544,v1,SKIPPED,NO,May 12,May 12,May 12,FALSE,FALSE,FALSE,TIMED OUT,,,
Runway,SKIPPED,https://boards.greenhouse.io/runwayml/jobs/4015509005,v1,IC,NO,May 9,May 9,May 9,FALSE,FALSE,FALSE,"REJECTED, PRE-R1",,,
Stripe,"Backend / API Engineer, Payins",https://stripe.com/jobs/listing/backend-api-engineer-payins/5674554,v1,IC,YES,May 9,May 21,May 25,FALSE,FALSE,FALSE,CONSOLIDATED,,,
Stripe,"Full Stack Engineer, Growth",https://stripe.com/jobs/listing/full-stack-engineer-growth/5355189,v1,IC,YES,May 9,May 21,May 25,FALSE,FALSE,FALSE,CONSOLIDATED,,,
Stripe,"Full Stack Engineer, Efficiency",https://stripe.com/jobs/listing/full-stack-engineer-efficiency/5677295,v1,IC,YES,May 9,May 21,June 5,FALSE,FALSE,FALSE,"REJECTED, POST FINAL ROUND",,,
Two Sigma,Full Stack Developer,https://careers.twosigma.com/careers/JobDetail/New-York-New-York-United-States-Full-Stack-Engineer-Venn/12564,v1,IC,YES,May 13,May 13,May 17,FALSE,FALSE,FALSE,WITHDRAWN,,,WITHDRAWN - RESIDENCY NOT ALLOWED
Substack,"Substack Software Engineer, Systems & Reliability",SKIPPED,v1,SKIPPED,NO,May 9,May 9,May 14,FALSE,FALSE,FALSE,"REJECTED, PRE-R1",,,
Webflow,"Senior Backend Engineer, Shared Services",https://boards.greenhouse.io/webflow/jobs/5742492,v1,Senior Product Manager,YES,May 10,May 10,June 4,TRUE,FALSE,FALSE,"REJECTED, PRE-R1",,,
Maple,Full-Stack Software Engineer (all levels),https://boards.greenhouse.io/maple/jobs/5185385004,v1,CEO,YES,May 10,May 13,May 25,TRUE,FALSE,FALSE,WITHDRAWN,,,"I passed R2 but the interview platform was a third party and they had some third party integration issue, could not verify the result, so I would need to follow up and go through the loop again to possibly continue"
HBS (Contract),SKIPPED,SKIPPED,v1,RECRUITER,NO,May 9,May 9,May 16,TRUE,FALSE,FALSE,WITHDRAWN,156000,156000,
Meta,SKIPPED,https://www.metacareers.com/v2/jobs/750778856583126/,v3-blue,"RECRUITER, IC",YES,May 21,May 21,May 31,FALSE,FALSE,FALSE,"REJECTED, PRE-R1",,,"rejected due to cool down period, can re-apply in 5 months"
Patreon,SKIPPED,SKIPPED,v1,SKIPPED,NO,May 9,May 9,May 9,FALSE,FALSE,FALSE,"REJECTED, PRE-R1",,,
LedgerX,Senior Backend Software Development Engineer: Tech Lead,https://app.gun.io/app/jobs/bca050e9-b3fc-4714-924e-96b733bd07bc/?utm_medium=email&utm_source=job_digest,v1,SKIPPED,NO,May 16,May 16,May 23,FALSE,FALSE,FALSE,"REJECTED, PRE-R1",,,via gun.io
Hudson River Trading,Full Stack Developer,SKIPPED,v1,"RECRUITER, IC",YES,May 19,May 19,May 28,FALSE,FALSE,FALSE,"REJECTED, POST-R1",,,Bombed an online assessment (no human in the loop)
Hudson River Trading,Python Engineer,SKIPPED,v1,"RECRUITER, IC",YES,May 19,May 19,May 21,FALSE,FALSE,FALSE,CONSOLIDATED,,,
Fountain,Full-Stack Software Engineer,https://app.otta.com/dashboard/jobs/hpNsoKD_,v3-blue,RECRUITER,NO,May 25,May 25,June 10,FALSE,FALSE,FALSE,TIMED OUT,,,
Orum,Staff Software Engineer,https://jobs.lever.co/orum/2afdfe8e-5a20-48ed-9858-77dd490e9681?lever-source=Otta,v1,SKIPPED,NO,May 17,May 17,May 25,FALSE,FALSE,FALSE,TIMED OUT,,,
Quora,Senior Full Stack Software Engineer,https://jobs.ashbyhq.com/quora/4706a1ce-6869-4060-bc72-43bd0d5c3e24/application?utm_source=Otta,v1,SKIPPED,NO,May 17,May 23,May 23,FALSE,FALSE,FALSE,"REJECTED, PRE-R1",,,
Discord,Senior Software Engineer - Leverage Engineering,https://discord.com/jobs/7196344002,v3-blue,SKIPPED,NO,May 17,May 25,May 25,FALSE,FALSE,FALSE,APPLIED,,,
One,Staff+ Software Engineer (Backend),https://jobs.ashbyhq.com/oneapp/ee941df2-8fc6-444c-a1d5-d889e9043178,v1,SKIPPED,NO,May 17,May 17,May 17,FALSE,FALSE,FALSE,APPLIED,,,
Vanta,"Senior Software Engineer, Fullstack",https://jobs.ashbyhq.com/vanta/cc70c330-3f46-4235-90a1-ff1b0da06ff8,v3-blue,SKIPPED,NO,May 17,May 25,May 25,FALSE,FALSE,FALSE,"REJECTED, PRE-R1",,,
Outschool,Experienced Software Engineer,https://boards.greenhouse.io/outschool/jobs/4355096006?utm_source=Otta#app,v1,SKIPPED,NO,May 17,May 17,May 22,FALSE,FALSE,FALSE,"REJECTED, PRE-R1",,,
TikTok,Senior Software Engineer - USDS,https://careers.tiktok.com/position/7363311165298854195/detail,v1,SKIPPED,NO,May 18,May 18,May 18,FALSE,FALSE,FALSE,FIRST ROUND DONE,,,"Not sure if the job post URL specified is the one I originally applied to, but it's one they reached out to interview me for"
Lattice,"Senior Fullstack Software Engineer, HRIS Workflows",https://lattice.com/job?gh_jid=7447835002,v3-blue,SKIPPED,NO,May 19,May 25,May 25,FALSE,FALSE,FALSE,APPLIED,,,
Whop,Senior Frontend Engineer,https://careers.whop.com/?gh_jid=4160762007,v3-blue,RECRUITER,NO,May 19,May 25,May 25,FALSE,FALSE,FALSE,APPLIED,,,
Airbnb,"Senior Software Engineer, Web Platform",https://careers.airbnb.com/positions/5958035,v3-blue,SKIPPED,NO,May 25,May 25,May 25,FALSE,FALSE,FALSE,TIMED OUT,,,
Salesforce / Slack,"Software Engineer, Frontend - Slack",https://www.linkedin.com/jobs/view/3930006449/,v3-blue,SKIPPED,NO,May 25,May 25,May 25,FALSE,FALSE,FALSE,APPLIED,,,
Upstart,"Senior Software Engineer, ASPL",https://careers.upstart.com/jobs/senior-software-engineer-aspl,v3-blue,IC,YES,May 25,May 25,May 25,FALSE,FALSE,FALSE,APPLIED,,,
Coinbase,"Senior Software Engineer, Fullstack - Developer Product Group",https://www.coinbase.com/careers/positions/5961013,v3-blue,SKIPPED,NO,May 25,May 25,May 25,FALSE,FALSE,FALSE,APPLIED,,,
Vimeo,"Sr. Software Engineer, Payments",https://boards.greenhouse.io/vimeo/jobs/5976348,v3-blue,SKIPPED,NO,May 25,May 25,May 25,FALSE,FALSE,FALSE,APPLIED,,,
Dropbox,Senior Backend Product Software Engineer,https://jobs.dropbox.com/listing/3037303,v3-blue,SKIPPED,NO,May 25,May 25,May 31,FALSE,FALSE,FALSE,"REJECTED, PRE-R1",,,
Rocket Money,"Senior Full Stack Engineer, Save",https://boards.greenhouse.io/truebill/jobs/5968414003,v3-blue,SKIPPED,NO,May 25,May 25,May 25,FALSE,FALSE,FALSE,APPLIED,,,
Adobe,Software Development Engineer (R145953),https://careers.adobe.com/us/en/job/ADOBUSR145953EXTERNALENUS/Software-Development-Engineer,v3-blue,SKIPPED,NO,May 25,May 25,May 25,FALSE,FALSE,FALSE,"REJECTED, PRE-R1",,,
Scale AI,"Senior Software Engineer, Federal",https://boards.greenhouse.io/scaleai/jobs/4302243005,v3-blue,SKIPPED,NO,May 25,May 25,May 25,FALSE,FALSE,FALSE,APPLIED,,,
Scale AI,"Machine Learning Engineer, Federal",https://boards.greenhouse.io/scaleai/jobs/4281519005,v3-blue,SKIPPED,NO,May 25,May 25,May 25,FALSE,FALSE,FALSE,APPLIED,,,
Nvidia,Senior Math Libraries Engineers - Python APIs,https://nvidia.wd5.myworkdayjobs.com/en-US/NVIDIAExternalCareerSite/job/US-CA-Santa-Clara/Senior-Math-Libraries-Engineers---Python-APIs_JR1980114?locationHierarchy2=0c3f5f117e9a0101f63dc469c3010000&jobFamilyGroup=0c40f6bd1d8f10ae43ffaefd46dc7e78,v3-blue,SKIPPED,NO,May 25,May 25,May 25,FALSE,FALSE,FALSE,"REJECTED, PRE-R1",,,
Nvidia,Senior System Software Engineer,https://nvidia.wd5.myworkdayjobs.com/en-US/NVIDIAExternalCareerSite/job/Senior-System-Software-Engineer_JR1982432,v3-blue,SKIPPED,NO,May 25,May 25,May 25,FALSE,FALSE,FALSE,"REJECTED, PRE-R1",,,
Microsoft,Senior Software Engineer,https://jobs.careers.microsoft.com/global/en/job/1703314/Senior-Software-Engineer,v3-blue,IC,YES,May 29,May 31,May 31,FALSE,FALSE,FALSE,"REJECTED, PRE-R1",,,
Microsoft,"Senior Software Engineer, Xbox",https://jobs.careers.microsoft.com/global/en/job/1721671/Senior-Software-Engineer,v3-blue,IC,YES,May 30,May 31,May 31,FALSE,FALSE,FALSE,APPLIED,,,
Microsoft,"Senior Software Engineer, 365 Copilot",https://jobs.careers.microsoft.com/global/en/job/1723005/Senior-Software-Engineer,v3-blue,IC,YES,May 30,May 31,May 31,FALSE,FALSE,FALSE,APPLIED,,,
Khan Academy,"Sr. Fullstack Engineer II, Product",https://boards.greenhouse.io/khanacademy/jobs/5908241,v3-blue,SKIPPED,NO,May 27,May 27,May 27,FALSE,FALSE,FALSE,APPLIED,,,
Zoom,Frontend Software Engineer,https://careers.zoom.us/jobs/frontend-software-engineer-san-jose-california-united-states,v3-blue,SKIPPED,NO,May 27,May 27,May 29,FALSE,FALSE,FALSE,"REJECTED, PRE-R1",,,
Netflix,Software Engineer (L5) - Consumer Engineering,https://www.linkedin.com/jobs/view/3934793233/,v3-blue,SKIPPED,NO,May 27,May 27,May 27,FALSE,FALSE,FALSE,APPLIED,,,
Netflix,"UI Engineer (L4) - Source Acquisition Platform ",https://www.linkedin.com/jobs/view/3917079277/,UNKNOWN,SKIPPED,NO,May 27,June 4,June 4,FALSE,FALSE,FALSE,APPLIED,,,
Google,"Senior Software Engineer, Privacy Sandbox - United States",https://www.google.com/about/careers/applications/apply/061393d6-bf57-4c05-8236-9c66ca1e4e5c/review,v3-blue,SKIPPED,YES,May 28,May 28,June 3,FALSE,FALSE,FALSE,"REJECTED, PRE-R1",,,
Google,"Senior Software Engineer, Engineering Productivity, Chrome - United States",https://www.google.com/about/careers/applications/apply/8ead7195-7c61-4f65-a5cd-11e08c3fd248/review,v3-blue,SKIPPED,YES,May 28,May 28,June 3,FALSE,FALSE,FALSE,"REJECTED, PRE-R1",,,
Amazon,"Software Development Engineer III, Gift Cards",https://amazon.jobs/en/jobs/2611630/software-development-engineer-iii-gift-cards,v3-blue,IC,YES,May 16,May 16,June 10,FALSE,FALSE,FALSE,"REJECTED, POST FINAL ROUND",,,
Vercel,"Software Engineer, Observability",https://vercel.com/careers/software-engineer-observability-us-5068121004,v3-blue,SKIPPED,NO,May 29,May 29,May 29,FALSE,FALSE,FALSE,APPLIED,,,
Filament,Front-end Engineer,https://www.filament.im/jobs,v3-blue,SKIPPED,NO,May 29,May 29,May 29,FALSE,FALSE,FALSE,APPLIED,,,
Zillow,Senior Applications Developer,https://zillow.wd5.myworkdayjobs.com/en-US/Zillow_Group_External/job/Senior-Applications-Developer_P744559-1,v1,IC,YES,May 2,May 2,May 29,FALSE,FALSE,FALSE,"REJECTED, PRE-R1",,,For P744080 Ryan Ito is the RECRUITER and Tianlong Song is the hiring manager
Palantir,Forward Deployed Software Engineer - US Government,https://jobs.lever.co/palantir/289ad049-7b4e-41e3-8a39-146fbeb6fb64,v3-blue,SKIPPED,NO,May 29,May 29,May 29,FALSE,FALSE,FALSE,"REJECTED, POST-R1",,,"For P744559 Steve Maresh is RECRUITER and Theresa Huth is hiring manager. Not sure why I was rejected on this one, interview went well. Lots of competition I guess?"
GitHub,Senior Software Engineer,https://careers-githubinc.icims.com/jobs/2786/senior-software-engineer/questions?global=1,v3-blue,SKIPPED,NO,May 29,May 29,May 29,FALSE,FALSE,FALSE,"REJECTED, PRE-R1",,,
HashiCorp,"Sr. Security Automation Engineer, Threat Detection & Response",https://www.hashicorp.com/career/5989483,v3-blue,SKIPPED,NO,May 29,May 29,May 29,FALSE,FALSE,FALSE,"REJECTED, PRE-R1",,,
Instacart,"Software Engineering Manager, Delivery",https://instacart.careers/job/?id=6001153,v3-blue,SKIPPED,NO,May 29,May 29,May 29,FALSE,FALSE,FALSE,APPLIED,,,
LinkedIn,Staff Software Engineer - Compute Infrastructure,https://www.linkedin.com/jobs/search/?currentJobId=3863612239&f_C=1337&originToLandingJobPostings=3863612239,v3-blue,SKIPPED,NO,May 29,May 29,May 29,FALSE,FALSE,FALSE,APPLIED,,,
Plaid,"Software Engineer, Account Verification",https://plaid.com/careers/openings/engineering/united-states/software-engineer-account-verification/,v4,SKIPPED,NO,May 29,June 4,June 4,FALSE,FALSE,FALSE,APPLIED,,,
Plaid,Experienced Software Engineer - Risk Engineering (Trust Platform),https://plaid.com/careers/openings/engineering/united-states/experienced-software-engineer-risk-engineering-trust-platform/,v4,SKIPPED,NO,May 29,June 4,June 4,FALSE,FALSE,FALSE,APPLIED,,,
Plaid,Experienced Software Engineer - ML Infra Platform,https://plaid.com/careers/openings/engineering/united-states/experienced-software-engineer-ml-infra-platform/,v4,SKIPPED,NO,May 29,June 4,June 5,FALSE,FALSE,FALSE,"REJECTED, PRE-R1",,,
Mozilla,"Senior Software Engineer, Services",https://boards.greenhouse.io/mozilla/jobs/5516507,v4,SKIPPED,NO,May 29,June 4,June 4,FALSE,FALSE,FALSE,APPLIED,,,
Mozilla,"Senior Fullstack Engineer, Ads",https://boards.greenhouse.io/mozilla/jobs/5944387,v4,SKIPPED,NO,May 29,June 4,June 4,FALSE,FALSE,FALSE,APPLIED,,,
SpaceX,SR. SOFTWARE ENGINEER (SPACEX SECURITY),https://boards.greenhouse.io/spacex/jobs/7333546002?gh_jid=7333546002,v3-blue,SKIPPED,NO,May 29,May 29,June 4,FALSE,FALSE,FALSE,"REJECTED, PRE-R1",,,
PBS,Software Engineer III,SKIPPED,v4,RECRUITER,NO,June 3,June 3,June 10,TRUE,FALSE,FALSE,"RESURRECTED, POST FINAL ROUND",,,
Google,"Customer Engineer, Federal Civilian Agencies",https://google.com/about/careers/applications/jobs/results/142756922120905414-customer-engineer-federal-civilian-agencies-public-sector,v3-blue,SKIPPED,YES,May 28,June 4,June 4,FALSE,FALSE,FALSE,"REJECTED, PRE-R1",,,
Webflow,"Senior Frontend Engineer, Developer Platform",https://boards.greenhouse.io/webflow/jobs/5868469,v4,Senior Product Manager,NO,May 13,June 4,June 4,FALSE,FALSE,FALSE,"REJECTED, PRE-R1",,,
AnchorWatch,Senior Full Stack Developer,https://anchorwatch.com/careers,v4,RECRUITER,NO,June 4,June 4,June 6,TRUE,FALSE,FALSE,WITHDRAWN,,,
Personio,Lead Software Engineer,https://personio.jobs.personio.de/job/1587777?display=en,v4,SKIPPED,NO,June 5,June 5,June 5,FALSE,FALSE,FALSE,"REJECTED, PRE-R1",,,
Hy-Vee (Insight Global),Principle Software Engineer,SKIPPED,v4,RECRUITER,NO,June 5,June 5,June 5,TRUE,FALSE,FALSE,"REJECTED, POST-R1",,,
Perusall,Full Stack Software Engineer,SKIPPED,v4,RECRUITER,NO,June 3,June 4,June 5,TRUE,FALSE,FALSE,"REJECTED, POST FINAL ROUND",,,
Thumbtack,"Senior Software Engineer, Machine Learning Infrastructure",https://boards.greenhouse.io/thumbtack/jobs/5881763,v4,SKIPPED,NO,June 5,June 5,June 5,FALSE,FALSE,FALSE,APPLIED,,,
Pinterest,"Senior Web Software Engineer, Core and Monetization at Pinterest",https://www.pinterestcareers.com/jobs/5412514/senior-web-software-engineer-core-and-monetization/,v4,SKIPPED,YES,June 5,June 5,June 10,FALSE,FALSE,FALSE,APPLIED,,,"Jordan Cutler and Rahul Pendey demonstrated eng talent coming out of Pinterest; ""Weâ€™ll review your application and update you on your status within four weeks (sooner if we can)""; email says ""Referred on 6/11/2024"""
Pinterest,"Sr. Software Engineer, Web",https://www.pinterestcareers.com/jobs/5927003/sr-software-engineer-web/?gh_jid=5927003,v4,SKIPPED,NO,June 5,June 5,June 5,FALSE,FALSE,FALSE,APPLIED,,,Jordan Cutler and Rahul Pendey demonstrated eng talent coming out of Pinterest
Twitch,Software Engineer - Community,https://www.twitch.tv/jobs/careers/7477359002/,v4,SKIPPED,NO,June 5,June 5,June 5,FALSE,FALSE,FALSE,"REJECTED, PRE-R1",,,
Square,"Senior Application Security Engineer, Block",https://www.smartRECRUITERs.com/Square/743999990015362,v4,SKIPPED,NO,June 5,June 5,June 5,FALSE,FALSE,FALSE,APPLIED,,,
Square,Senior Software Engineer,https://www.smartRECRUITERs.com/Square/743999990702053,v4,SKIPPED,NO,June 5,June 5,June 5,FALSE,FALSE,FALSE,APPLIED,,,
Hugging Face,"Product Software Engineer, ML Platform - US Remote",https://apply.workable.com/huggingface/j/C544F78B14/,v4,SKIPPED,NO,June 5,June 5,June 5,FALSE,FALSE,FALSE,APPLIED,,,
Hugging Face,Developer Experience Engineer for Inference - US Remote,https://apply.workable.com/huggingface/j/4C12FB7880/,v4,SKIPPED,NO,June 5,June 5,June 5,FALSE,FALSE,FALSE,APPLIED,,,
breef,Lead Software Engineer,https://careers.breef.com/role/lead-software-engineer,v4,RECRUITER,NO,June 5,June 5,June 5,FALSE,FALSE,FALSE,APPLIED,,,
Hopper,Fullstack Software Engineer,https://www.linkedin.com/jobs/view/3933874370,v4,SKIPPED,NO,June 5,June 5,June 5,FALSE,FALSE,FALSE,APPLIED,,,
Tecton,Software Engineer - Feature Engineering,https://app.otta.com/dashboard/jobs/9sK7DlRP,v3-blue,SKIPPED,NO,June 7,June 7,June 7,FALSE,FALSE,FALSE,APPLIED,,,
Tecton,Software Engineer - Realtime Execution,https://app.otta.com/dashboard/jobs/9sK7DlRP,v3-blue,SKIPPED,NO,June 10,June 10,June 10,FALSE,FALSE,FALSE,APPLIED,,,
Reddit,"Software Engineer, Safety Tools",https://boards.greenhouse.io/reddit/jobs/6012112?gh_src=8a8a4d8a1us,v4,SKIPPED,NO,June 7,June 7,June 7,FALSE,FALSE,FALSE,"REJECTED, PRE-R1",,,
Cohere,"Senior/Staff Backend Engineer, Endpoints",https://jobs.lever.co/cohere/6b664326-b677-4d82-96c3-a6d5b65a19cf?lever-source=Otta,v4,SKIPPED,NO,June 10,June 10,June 10,FALSE,FALSE,FALSE,APPLIED,,,
Saturn,Senior Software Engineer,https://boards.greenhouse.io/saturn/jobs/4402314005,v4,SKIPPED,NO,June 10,June 10,June 10,FALSE,FALSE,FALSE,APPLIED,,,
Flex,"Senior Software Engineer, Frontend, Mobile and Web",https://boards.greenhouse.io/flex/jobs/4424504005,v4,SKIPPED,NO,June 10,June 10,June 10,FALSE,FALSE,FALSE,APPLIED,,,
Wealthfront,Senior Backend Engineer,https://jobs.lever.co/wealthfront/0da56f12-8fa1-412e-944d-5c8b2d92aff8,v4,SKIPPED,NO,June 10,June 10,June 10,FALSE,FALSE,FALSE,"REJECTED, PRE-R1",,,
Microsoft,Senior Software Engineer,https://jobs.careers.microsoft.com/global/en/job/1721619/Senior-Software-Engineer,v4,SKIPPED,NO,June 26,June 26,June 26,FALSE,TRUE,FALSE,APPLIED,,,
Microsoft,Senior Software Engineer,https://jobs.careers.microsoft.com/global/en/job/1727933,v4,SKIPPED,NO,June 26,June 26,June 26,FALSE,FALSE,FALSE,APPLIED,,,
Instacart,"Senior Software Engineer, Developer Experience",https://instacart.careers/job/?id=6059533,v4,SKIPPED,NO,June 26,June 26,June 26,FALSE,TRUE,FALSE,APPLIED,,,
Paypal,Senior Software Engineer - Full-Stack,https://paypal.eightfold.ai/careerhub/explore/jobs/274900547249,v4,SKIPPED,NO,June 26,June 26,June 26,FALSE,FALSE,FALSE,APPLIED,,,
Steno,Staff Software Engineer (Full-Stack),https://ats.rippling.com/steno-careers-page/jobs/35a9a3fe-de93-40a4-9e13-cb932d0b4be4,v4,Director of Eng,NO,June 26,June 26,June 26,FALSE,FALSE,FALSE,APPLIED,,,
FloQast,Software Engineering Manager,https://jobs.lever.co/floqast/cc7e209f-974f-4cb3-8047-4187bdb823df,v4,Sr EM,NO,June 27,June 27,June 27,FALSE,TRUE,FALSE,TIMED OUT,,,
Ramp,Staff Software Engineer | Web,https://jobs.ashbyhq.com/ramp/54254ba5-d532-416a-9923-28eedb3520f7,v4,Head of Eng,NO,June 27,June 27,June 27,FALSE,TRUE,FALSE,"REJECTED, PRE-R1",,,
Ramp,Staff Software Engineer | Backend,https://jobs.ashbyhq.com/ramp/1d444080-4815-4970-8497-6640f928a7ad,v4,Head of Eng,NO,June 27,June 27,June 27,FALSE,TRUE,FALSE,CONSOLIDATED,,,
Ramp,Staff Software Engineer | Frontend,https://jobs.ashbyhq.com/ramp/da200390-5a7d-4d7e-9b9d-b7faba24cf27,v4,Head of Eng,NO,June 27,June 27,June 27,FALSE,TRUE,FALSE,CONSOLIDATED,,,
Twilio,Staff Engineer,https://boards.greenhouse.io/twilio/jobs/5976791,v4,Staff SWE,YES,July 6,Jul 8,Jul 8,FALSE,FALSE,FALSE,"REJECTED, PRE-R1",,,
Brightwheel,Staff Software Backend Engineer,https://jobs.lever.co/brightwheel/83d18b77-0654-4587-a199-d5b972db6bda?lever-source=Otta,v4,SKIPPED,NO,July 8,July 8,July 8,FALSE,FALSE,FALSE,"REJECTED, PRE-R1",,,
Mixpanel,Senior Software Engineer,https://ats.comparably.com/api/v1/gh/mixpanel?gh_jid=3920931&utm_source=Otta,v4,IC,YES,July 8,July 9,July 9,FALSE,FALSE,FALSE,TIMED OUT,,,
Fountain,Software Engineer - Backend (E5),https://boards.greenhouse.io/fountain/jobs/4375585006,v4,SKIPPED,NO,July 8,July 8,July 8,FALSE,FALSE,FALSE,"REJECTED, PRE-R1",,,
Dave,Senior Software Engineer,https://jobs.lever.co/dave/cb528e51-5a96-4238-ac76-2fa508d95f18?lever-source=Otta,v4,RECRUITER,YES,July 11,July 12,July 17,FALSE,FALSE,FALSE,WITHDRAWN,,,potential comp too low; lower than on job description
Federato (Storm2),Senior Software Engineer,https://www.federato.ai/articles/federato-raises-25m-in-series-b-funding-to-continue-catalyzing-insurances-ai-moment,v4,SKIPPED,NO,July 3,July 3,July 23,TRUE,FALSE,FALSE,R2 DONE,,,
Okta,Senior Software Engineer,https://www.okta.com/company/careers/engineering/senior-software-engineer-iam-enterprise-federations-customer-identity,v4,SKIPPED,NO,July 8,July 8,July 11,FALSE,FALSE,FALSE,"REJECTED, POST-R1",,,
Webflow,"Staff Software Engineer, Libraries",https://boards.greenhouse.io/webflow/jobs/6024131,v4,Director of Engineering,NO,July 8,July 8,July 8,FALSE,FALSE,FALSE,WITHDRAWN,,,"They filled the staff role and offered to interview me for Senior, but comp range was lower than tolerable"
Taekus,Staff Backend Engineer - Rewards,https://www.linkedin.com/jobs/view/3961800982,UNKNOWN,RECRUITER,NO,July 10,July 10,July 23,TRUE,FALSE,FALSE,OFFERED,200000,200000,"verbal offer was ambiguous; ""let us know what AMZN decides""; but the range on the post is up to 225k salary and they wanted to move forward based on my original guidance ""seeking 200k+ base and ~300k TC, but higher base and lower TC also works"" so listed offer is based off conservatively off that"
Forward Financing,Senior Software Engineer,SKIPPED,v4,RECRUITER,NO,July 9,July 9,July 29,TRUE,FALSE,FALSE,FINAL DONE,,,
Alphataraxia,Senior Software Engineer,https://job-boards.greenhouse.io/alphataraxia/jobs/4398821007,v4,Head of People,NO,June 25,June 25,August 1,TRUE,FALSE,FALSE,"REJECTED, POST FINAL ROUND",,,
Numerated,Principal Software Engineer,SKIPPED,v4,RECRUITER,NO,July 10,July 10,July 23,TRUE,FALSE,FALSE,OFFERED,190000,220000,
Endgame,Principal Platform Engineer,SKIPPED,v4,RECRUITER,NO,July 22,July 22,July 22,FALSE,FALSE,FALSE,"REJECTED, PRE-R1",,,
Marqeta,Staff Software Engineer,SKIPPED,v4,RECRUITER,YES,July 17,July 17,July 27,TRUE,FALSE,FALSE,"REJECTED, POST-R1",,,From Shine / Uncharted Path Breakthroughs
Evolve Vacation Rental,Senior Software Engineer,SKIPPED,v4,RECRUITER,NO,July 3,July 16,July 24,TRUE,FALSE,FALSE,R1 CANCELLED,,,Cancelled with no reason given two days before the round was scheduled
Clarity Financial,Senior Software Engineer,SKIPPED,v4,RECRUITER,NO,July 10,July 10,July 26,TRUE,FALSE,FALSE,FINAL DONE,,,
Material Bank,"Staff UI Engineer, Brand Central",https://boards.greenhouse.io/materialbank/jobs/6046188003,v4,SKIPPED,NO,July 22,July 22,August 2,FALSE,FALSE,FALSE,R3 DONE,,,"Applied through usemassive.com, where I applied to about 130 posts not on this sheet and got this one invitation to interview"
Virta Health,Senior Software Engineer,https://jobs.ashbyhq.com/virtahealth,v4,Software Engineer,YES,July 27,July 27,August 5,TRUE,FALSE,FALSE,R2 DONE,,,
Spotify,Senior Software Engineer,https://jobs.lever.co/spotify/9542b1b3-68e7-4e33-8b81-554b95b6a1a6?lever-source=Otta,v4,SKIPPED,NO,July 27,July 27,July 27,FALSE,FALSE,FALSE,"REJECTED, PRE-R1",,,